ISO,viewsperperson ,totalviewsperworldviews,totalviews,population,percpeople,flag_icon,breakdown_per_language,month=2018-09
USA,9.7,21.5,3.2^B,327397000,75%,,en:English:92.3%|zh:Chinese:1.1%|es:Spanish:1.1%|pt:Portuguese:0.7%|fr:French:0.6%|id:Indonesian:0.5%|ru:Russian:0.4%|ar:Arabic:0.4%|de:German:0.4%|ja:Japanese:0.3%|fa:Persian:0.2%|simple:Simple:0.2%|bn:Bengali:0.2%|it:Italian:0.1%|tr:Turkish:0.1%|hi:Hindi:0.1%|nl:Dutch:0.1%|^:Other:1.2%,-
JPN,8.5,7.2,1.1^B,126490000,93%,,ja:Japanese:94.7%|en:English:3.7%|zh:Chinese:0.9%|ru:Russian:0.1%|fr:French:0.1%|^:Other:0.5%,-
DEU,11,6.1,907^M,82740900,89%,,de:German:73.4%|en:English:18.7%|ru:Russian:1.1%|tr:Turkish:1.1%|fr:French:0.7%|fa:Persian:0.6%|it:Italian:0.5%|pl:Polish:0.5%|es:Spanish:0.4%|zh:Chinese:0.4%|ar:Arabic:0.3%|ja:Japanese:0.2%|nl:Dutch:0.2%|pt:Portuguese:0.2%|hu:Hungarian:0.1%|^:Other:1.6%,-
GBR,11.3,5,748^M,66040229,94%,,en:English:94.5%|pl:Polish:0.6%|de:German:0.5%|ru:Russian:0.5%|fr:French:0.5%|zh:Chinese:0.5%|it:Italian:0.4%|es:Spanish:0.4%|fa:Persian:0.3%|simple:Simple:0.2%|ja:Japanese:0.2%|ar:Arabic:0.2%|tr:Turkish:0.1%|nl:Dutch:0.1%|pt:Portuguese:0.1%|^:Other:0.9%,-
IND,0.6,4.9,734^M,1333710000,29%,,en:English:86.4%|hi:Hindi:7.6%|ru:Russian:1.2%|mr:Marathi:1.0%|ta:Tamil:0.7%|simple:Simple:0.5%|te:Telugu:0.4%|ml:Malayalam:0.4%|bn:Bengali:0.3%|kn:Kannada:0.3%|gu:Gujarati:0.2%|^:Other:1.0%,-
FRA,8.5,3.8,570^M,67247000,82%,,fr:French:76.2%|en:English:14.8%|de:German:1.1%|ru:Russian:1.0%|es:Spanish:0.8%|it:Italian:0.8%|fa:Persian:0.6%|zh:Chinese:0.4%|ar:Arabic:0.3%|ja:Japanese:0.3%|nl:Dutch:0.2%|pt:Portuguese:0.2%|pl:Polish:0.2%|uk:Ukrainian:0.2%|tr:Turkish:0.2%|^:Other:2.7%,-
RUS,3.7,3.7,546^M,146877088,75%,,ru:Russian:84.6%|en:English:13.6%|de:German:0.3%|fr:French:0.2%|es:Spanish:0.1%|zh:Chinese:0.1%|uk:Ukrainian:0.1%|ja:Japanese:0.1%|pt:Portuguese:0.1%|it:Italian:0.1%|^:Other:0.7%,-
ITA,8.8,3.6,532^M,60483973,60%,,it:Italian:86.2%|en:English:10.2%|de:German:1.0%|ru:Russian:0.7%|fr:French:0.5%|es:Spanish:0.4%|zh:Chinese:0.2%|pt:Portuguese:0.1%|^:Other:0.7%,-
CAN,10.4,2.6,387^M,37150200,88%,,en:English:84.8%|fr:French:8.9%|zh:Chinese:1.9%|ru:Russian:1.1%|es:Spanish:0.5%|de:German:0.4%|ja:Japanese:0.3%|fa:Persian:0.3%|it:Italian:0.2%|ar:Arabic:0.2%|simple:Simple:0.1%|pt:Portuguese:0.1%|ko:Korean:0.1%|pl:Polish:0.1%|^:Other:1.0%,-
BRA,1.5,2.2,319^M,209250000,59%,,pt:Portuguese:82.9%|en:English:13.8%|ru:Russian:1.5%|es:Spanish:0.8%|fr:French:0.2%|it:Italian:0.2%|de:German:0.2%|^:Other:0.4%,-
MEX,2.3,1.9,282^M,124286623,61%,,es:Spanish:87.1%|en:English:11.6%|ru:Russian:0.3%|it:Italian:0.3%|fr:French:0.2%|de:German:0.1%|^:Other:0.4%,-
NLD,16.2,1.9,279^M,17233600,89%,,en:English:55.5%|nl:Dutch:33.6%|de:German:1.6%|ru:Russian:1.3%|zh:Chinese:1.1%|fa:Persian:0.8%|fr:French:0.8%|az:Azeri:0.7%|tr:Turkish:0.6%|pl:Polish:0.5%|es:Spanish:0.5%|it:Italian:0.4%|ar:Arabic:0.3%|pt:Portuguese:0.2%|uk:Ukrainian:0.2%|ja:Japanese:0.2%|^:Other:1.7%,-
ESP,5.9,1.9,275^M,46549045,80%,,es:Spanish:73.0%|en:English:16.2%|ca:Catalan:3.8%|de:German:1.4%|ru:Russian:1.1%|fr:French:1.0%|it:Italian:0.9%|eu:Basque:0.4%|gl:Galician:0.3%|pt:Portuguese:0.3%|zh:Chinese:0.3%|nl:Dutch:0.2%|pl:Polish:0.2%|sv:Swedish:0.1%|ja:Japanese:0.1%|^:Other:0.7%,-
IRN,3.2,1.8,260^M,81579600,52%,,en:English:68.7%|fa:Persian:30.8%|ar:Arabic:0.1%|^:Other:0.4%,-
POL,6.5,1.7,249^M,38422346,73%,,pl:Polish:80.8%|en:English:15.0%|ru:Russian:1.7%|de:German:0.8%|fr:French:0.3%|uk:Ukrainian:0.3%|it:Italian:0.2%|es:Spanish:0.2%|^:Other:0.7%,-
AUS,9,1.5,224^M,24982500,85%,,en:English:94.6%|zh:Chinese:2.5%|ru:Russian:0.6%|ja:Japanese:0.4%|de:German:0.3%|fr:French:0.2%|simple:Simple:0.2%|es:Spanish:0.2%|it:Italian:0.1%|ar:Arabic:0.1%|vi:Vietnamese:0.1%|^:Other:0.7%,-
TWN,9.2,1.5,217^M,23572415,80%,,zh:Chinese:87.7%|en:English:9.2%|ja:Japanese:1.9%|zh-yue:Cantonese:0.2%|fr:French:0.2%|de:German:0.2%|ru:Russian:0.1%|ko:Korean:0.1%|sv:Swedish:0.1%|^:Other:0.3%,-
CHN,0.1,1.3,196^M,1392670000,54%,,en:English:67.1%|de:German:3.0%|ru:Russian:2.8%|fr:French:2.8%|zh:Chinese:2.0%|es:Spanish:1.8%|it:Italian:1.4%|pl:Polish:1.1%|ko:Korean:1.1%|nl:Dutch:0.8%|sr:Serbian:0.7%|he:Hebrew:0.7%|pt:Portuguese:0.6%|bg:Bulgarian:0.5%|ilo:Ilokano:0.5%|sv:Swedish:0.5%|fi:Finnish:0.4%|hu:Hungarian:0.4%|cs:Czech:0.4%|no:Norwegian:0.3%|tr:Turkish:0.3%|ar:Arabic:0.3%|uk:Ukrainian:0.3%|ca:Catalan:0.3%|id:Indonesian:0.3%|da:Danish:0.3%|simple:Simple:0.3%|mk:Macedonian:0.3%|vi:Vietnamese:0.3%|ka:Georgian:0.3%|th:Thai:0.3%|ur:Urdu:0.2%|el:Greek:0.2%|fa:Persian:0.2%|hy:Armenian:0.2%|et:Estonian:0.2%|ro:Romanian:0.2%|zh-min-nan:Min:0.2%|ml:Malayalam:0.2%|az:Azeri:0.2%|hr:Croatian:0.2%|eo:Esperanto:0.2%|sh:Serbo-Croatian:0.2%|ms:Malay:0.2%|nn:Nynorsk:0.2%|eu:Basque:0.1%|gl:Galician:0.1%|sk:Slovak:0.1%|bn:Bengali:0.1%|hi:Hindi:0.1%|sl:Slovene:0.1%|ta:Tamil:0.1%|lt:Lithuanian:0.1%|ce:Chechen:0.1%|^:Other:4.1%,-
IDN,0.7,1.3,190^M,261890900,25%,,id:Indonesian:61.8%|en:English:34.6%|ru:Russian:1.0%|ms:Malay:0.4%|ja:Japanese:0.3%|de:German:0.2%|zh:Chinese:0.2%|es:Spanish:0.2%|fr:French:0.2%|jv:Javanese:0.2%|su:Sundanese:0.1%|^:Other:0.8%,-
UKR,4.2,1.2,177^M,42300723,55%,,ru:Russian:56.0%|uk:Ukrainian:23.9%|en:English:17.7%|de:German:0.4%|fr:French:0.3%|pl:Polish:0.2%|it:Italian:0.2%|es:Spanish:0.2%|simple:Simple:0.2%|da:Danish:0.1%|^:Other:0.8%,-
PAK,0.8,1.1,164^M,212082000,14%,,en:English:97.4%|ru:Russian:1.2%|ur:Urdu:0.6%|simple:Simple:0.2%|^:Other:0.6%,-
SWE,14.1,1,144^M,10151588,89%,,sv:Swedish:57.0%|en:English:35.3%|de:German:1.1%|ru:Russian:0.8%|fr:French:0.7%|ar:Arabic:0.6%|pl:Polish:0.6%|es:Spanish:0.5%|zh:Chinese:0.4%|it:Italian:0.4%|fi:Finnish:0.3%|fa:Persian:0.3%|ja:Japanese:0.3%|no:Norwegian:0.2%|pt:Portuguese:0.2%|nl:Dutch:0.2%|da:Danish:0.2%|^:Other:0.9%,-
ARG,3.2,1,142^M,44044811,70%,,es:Spanish:84.8%|en:English:12.9%|ru:Russian:1.0%|pt:Portuguese:0.4%|it:Italian:0.3%|fr:French:0.3%|de:German:0.1%|^:Other:0.2%,-
PHL,1.1,0.8,119^M,106095000,54%,,en:English:90.0%|tl:Tagalog:5.1%|ru:Russian:3.0%|simple:Simple:0.5%|zh:Chinese:0.5%|ja:Japanese:0.3%|de:German:0.1%|es:Spanish:0.1%|^:Other:0.4%,-
COL,2.2,0.8,112^M,49832400,57%,,es:Spanish:90.6%|en:English:8.3%|ru:Russian:0.4%|fr:French:0.2%|de:German:0.2%|pt:Portuguese:0.1%|it:Italian:0.1%|^:Other:0.1%,-
HKG,13.8,0.7,102^M,7409800,86%,,zh:Chinese:69.2%|en:English:26.2%|ja:Japanese:2.0%|zh-yue:Cantonese:1.3%|ru:Russian:0.3%|fr:French:0.2%|de:German:0.2%|ko:Korean:0.1%|^:Other:0.5%,-
KOR,1.9,0.7,98.7^M,51446201,92%,,ko:Korean:62.7%|en:English:24.9%|zh:Chinese:5.6%|ja:Japanese:2.5%|ru:Russian:1.5%|fr:French:0.4%|de:German:0.4%|vi:Vietnamese:0.2%|es:Spanish:0.2%|it:Italian:0.1%|th:Thai:0.1%|ar:Arabic:0.1%|^:Other:1.3%,-
CHE,11.2,0.6,94.8^M,8492956,88%,,de:German:49.4%|en:English:23.4%|fr:French:18.0%|it:Italian:4.9%|es:Spanish:0.7%|ru:Russian:0.7%|pt:Portuguese:0.5%|zh:Chinese:0.3%|pl:Polish:0.3%|nl:Dutch:0.2%|ja:Japanese:0.2%|hu:Hungarian:0.1%|ar:Arabic:0.1%|tr:Turkish:0.1%|sr:Serbian:0.1%|^:Other:1.0%,-
THA,1.3,0.6,93.1^M,69037513,47%,,th:Thai:69.1%|en:English:25.8%|ja:Japanese:1.2%|ru:Russian:1.0%|zh:Chinese:0.9%|de:German:0.6%|fr:French:0.4%|it:Italian:0.1%|es:Spanish:0.1%|ko:Korean:0.1%|nl:Dutch:0.1%|^:Other:0.6%,-
AUT,10.2,0.6,89.9^M,8830487,83%,,de:German:77.1%|en:English:17.4%|ru:Russian:0.8%|it:Italian:0.6%|fr:French:0.5%|hu:Hungarian:0.4%|pl:Polish:0.4%|es:Spanish:0.3%|zh:Chinese:0.2%|sr:Serbian:0.2%|fa:Persian:0.2%|hr:Croatian:0.2%|tr:Turkish:0.2%|ar:Arabic:0.2%|cs:Czech:0.2%|nl:Dutch:0.2%|ja:Japanese:0.1%|ro:Romanian:0.1%|sk:Slovak:0.1%|^:Other:0.6%,-
FIN,16,0.6,88.3^M,5514997,88%,,fi:Finnish:61.0%|en:English:32.9%|sv:Swedish:2.3%|ru:Russian:1.6%|de:German:0.5%|fr:French:0.2%|zh:Chinese:0.2%|es:Spanish:0.2%|et:Estonian:0.2%|it:Italian:0.1%|ja:Japanese:0.1%|fa:Persian:0.1%|ar:Arabic:0.1%|^:Other:0.5%,-
MYS,2.6,0.6,83.2^M,32574500,75%,,en:English:68.8%|zh:Chinese:14.5%|ms:Malay:11.0%|ru:Russian:2.1%|id:Indonesian:1.7%|ja:Japanese:0.6%|ar:Arabic:0.2%|de:German:0.2%|simple:Simple:0.1%|fr:French:0.1%|ko:Korean:0.1%|ta:Tamil:0.1%|^:Other:0.5%,-
BEL,7.2,0.6,81.7^M,11409388,86%,,nl:Dutch:33.7%|fr:French:32.7%|en:English:27.7%|de:German:1.6%|ru:Russian:0.8%|it:Italian:0.7%|es:Spanish:0.6%|pl:Polish:0.5%|ar:Arabic:0.2%|pt:Portuguese:0.2%|zh:Chinese:0.2%|tr:Turkish:0.2%|ja:Japanese:0.1%|ro:Romanian:0.1%|^:Other:0.7%,-
VNM,0.8,0.5,78.8^M,94660000,46%,,vi:Vietnamese:70.8%|en:English:23.7%|ja:Japanese:1.2%|zh:Chinese:1.1%|ru:Russian:0.9%|fr:French:0.4%|de:German:0.3%|ko:Korean:0.2%|es:Spanish:0.2%|it:Italian:0.1%|nl:Dutch:0.1%|^:Other:1.0%,-
ISR,8.8,0.5,78.1^M,8875460,74%,,he:Hebrew:57.0%|en:English:29.3%|ru:Russian:7.6%|ar:Arabic:3.4%|fr:French:0.7%|es:Spanish:0.5%|de:German:0.4%|it:Italian:0.2%|sl:Slovene:0.2%|^:Other:0.7%,-
CZE,6.8,0.5,72.2^M,10613350,76%,,cs:Czech:69.0%|en:English:22.6%|ru:Russian:2.6%|de:German:1.5%|pt:Portuguese:0.8%|sk:Slovak:0.7%|pl:Polish:0.5%|fr:French:0.4%|it:Italian:0.3%|es:Spanish:0.3%|uk:Ukrainian:0.2%|fa:Persian:0.1%|zh:Chinese:0.1%|bg:Bulgarian:0.1%|^:Other:0.8%,-
CHL,3.8,0.5,67.1^M,17574003,67%,,es:Spanish:85.3%|en:English:12.7%|ru:Russian:0.9%|fr:French:0.3%|de:German:0.3%|pt:Portuguese:0.2%|it:Italian:0.1%|^:Other:0.2%,-
SGP,11.7,0.4,65.8^M,5612300,81%,,en:English:82.0%|zh:Chinese:12.2%|ja:Japanese:1.3%|ru:Russian:0.9%|id:Indonesian:0.8%|ms:Malay:0.5%|fr:French:0.4%|de:German:0.3%|fa:Persian:0.3%|vi:Vietnamese:0.2%|tr:Turkish:0.1%|simple:Simple:0.1%|es:Spanish:0.1%|th:Thai:0.1%|ko:Korean:0.1%|ar:Arabic:0.1%|^:Other:0.5%,-
PER,2.1,0.4,65.7^M,31826018,45%,,es:Spanish:88.5%|en:English:9.9%|pt:Portuguese:0.6%|ru:Russian:0.2%|fr:French:0.2%|de:German:0.2%|it:Italian:0.2%|^:Other:0.2%,-
NOR,11.5,0.4,61.2^M,5302778,96%,,no:Norwegian:45.6%|en:English:44.2%|de:German:1.4%|sv:Swedish:1.3%|pl:Polish:1.2%|nn:Nynorsk:1.1%|ru:Russian:0.9%|fr:French:0.7%|es:Spanish:0.4%|da:Danish:0.4%|ar:Arabic:0.3%|it:Italian:0.3%|zh:Chinese:0.2%|nl:Dutch:0.2%|fa:Persian:0.2%|ja:Japanese:0.2%|pt:Portuguese:0.2%|lt:Lithuanian:0.2%|fi:Finnish:0.1%|simple:Simple:0.1%|^:Other:0.8%,-
IRL,12.4,0.4,59.5^M,4792500,81%,,en:English:84.4%|es:Spanish:4.2%|de:German:3.7%|fr:French:1.2%|bn:Bengali:1.0%|pl:Polish:0.9%|it:Italian:0.6%|ru:Russian:0.6%|ar:Arabic:0.4%|pt:Portuguese:0.3%|et:Estonian:0.3%|zh:Chinese:0.3%|lt:Lithuanian:0.2%|id:Indonesian:0.2%|ka:Georgian:0.2%|tl:Tagalog:0.2%|simple:Simple:0.2%|nl:Dutch:0.1%|ja:Japanese:0.1%|ur:Urdu:0.1%|lv:Latvian:0.1%|^:Other:0.7%,-
GRC,5.3,0.4,57.5^M,10768193,72%,,en:English:48.6%|el:Greek:41.6%|de:German:2.5%|ru:Russian:2.4%|fr:French:0.9%|it:Italian:0.7%|pl:Polish:0.5%|es:Spanish:0.3%|nl:Dutch:0.3%|bg:Bulgarian:0.2%|sv:Swedish:0.2%|he:Hebrew:0.2%|sr:Serbian:0.2%|tr:Turkish:0.2%|ro:Romanian:0.1%|cs:Czech:0.1%|fi:Finnish:0.1%|sq:Albanian:0.1%|^:Other:0.8%,-
SAU,1.7,0.4,56.3^M,33413660,71%,,ar:Arabic:66.9%|en:English:29.3%|ru:Russian:1.5%|arz:Egyptian:0.5%|fr:French:0.4%|ml:Malayalam:0.1%|bn:Bengali:0.1%|simple:Simple:0.1%|es:Spanish:0.1%|de:German:0.1%|ur:Urdu:0.1%|ja:Japanese:0.1%|zh:Chinese:0.1%|id:Indonesian:0.1%|it:Italian:0.1%|^:Other:0.4%,-
HUN,5.7,0.4,55.3^M,9771000,79%,,hu:Hungarian:65.1%|en:English:29.2%|de:German:1.8%|ru:Russian:1.5%|fr:French:0.4%|it:Italian:0.3%|es:Spanish:0.2%|zh:Chinese:0.2%|pl:Polish:0.2%|cs:Czech:0.1%|nl:Dutch:0.1%|ja:Japanese:0.1%|ro:Romanian:0.1%|uk:Ukrainian:0.1%|^:Other:0.6%,-
DNK,9.5,0.4,55.2^M,5785864,96%,,en:English:49.8%|da:Danish:42.3%|de:German:2.4%|sv:Swedish:0.7%|ru:Russian:0.6%|no:Norwegian:0.6%|pl:Polish:0.6%|fr:French:0.5%|es:Spanish:0.4%|it:Italian:0.4%|ar:Arabic:0.3%|zh:Chinese:0.2%|nl:Dutch:0.2%|fa:Persian:0.1%|fi:Finnish:0.1%|ja:Japanese:0.1%|pt:Portuguese:0.1%|ro:Romanian:0.1%|hu:Hungarian:0.1%|^:Other:0.4%,-
ROU,2.7,0.4,53.9^M,19638000,60%,,en:English:45.1%|ro:Romanian:39.9%|ru:Russian:3.5%|hu:Hungarian:3.0%|fa:Persian:1.9%|fr:French:1.3%|de:German:1.3%|it:Italian:0.7%|es:Spanish:0.5%|tr:Turkish:0.3%|ar:Arabic:0.2%|pl:Polish:0.2%|he:Hebrew:0.2%|pt:Portuguese:0.2%|uk:Ukrainian:0.2%|nl:Dutch:0.2%|ja:Japanese:0.2%|zh:Chinese:0.1%|^:Other:1.0%,-
KAZ,2.7,0.3,49.4^M,18232000,76%,,ru:Russian:62.5%|kk:Kazakh:31.2%|en:English:5.9%|de:German:0.1%|zh:Chinese:0.1%|^:Other:0.2%,-
ZAF,0.8,0.3,45.5^M,56717000,53%,,en:English:92.8%|af:Afrikaans:2.3%|ru:Russian:2.0%|de:German:0.5%|zh:Chinese:0.5%|fr:French:0.4%|simple:Simple:0.3%|pt:Portuguese:0.3%|nl:Dutch:0.2%|it:Italian:0.1%|es:Spanish:0.1%|ja:Japanese:0.1%|^:Other:0.4%,-
PRT,4.3,0.3,44.5^M,10291027,71%,,pt:Portuguese:53.5%|en:English:38.0%|ru:Russian:1.9%|fr:French:1.7%|de:German:1.6%|es:Spanish:1.5%|it:Italian:0.6%|nl:Dutch:0.3%|zh:Chinese:0.2%|pl:Polish:0.2%|sv:Swedish:0.1%|ja:Japanese:0.1%|^:Other:0.3%,-
EGY,0.4,0.3,40.4^M,97213100,39%,,ar:Arabic:59.3%|en:English:33.3%|ru:Russian:2.9%|arz:Egyptian:2.1%|de:German:0.7%|fr:French:0.6%|it:Italian:0.3%|es:Spanish:0.2%|simple:Simple:0.1%|zh:Chinese:0.1%|nl:Dutch:0.1%|^:Other:0.3%,-
XXX,--,0.3,39.7^M,--,--,,en:English:57.2%|de:German:16.4%|pl:Polish:3.7%|ru:Russian:3.0%|ca:Catalan:2.8%|fr:French:2.7%|zh:Chinese:2.0%|it:Italian:1.4%|es:Spanish:1.3%|uk:Ukrainian:1.0%|ja:Japanese:0.9%|nl:Dutch:0.8%|cs:Czech:0.6%|fa:Persian:0.5%|ar:Arabic:0.4%|sv:Swedish:0.4%|pt:Portuguese:0.4%|tr:Turkish:0.4%|hu:Hungarian:0.3%|fi:Finnish:0.3%|id:Indonesian:0.3%|hi:Hindi:0.2%|no:Norwegian:0.2%|ko:Korean:0.2%|he:Hebrew:0.2%|simple:Simple:0.2%|th:Thai:0.2%|ro:Romanian:0.1%|da:Danish:0.1%|el:Greek:0.1%|hr:Croatian:0.1%|bg:Bulgarian:0.1%|mr:Marathi:0.1%|^:Other:1.4%,-
NZL,8,0.3,39.2^M,4887440,84%,,en:English:94.7%|zh:Chinese:2.5%|ja:Japanese:0.6%|ru:Russian:0.5%|de:German:0.4%|fr:French:0.3%|es:Spanish:0.2%|simple:Simple:0.2%|ko:Korean:0.2%|it:Italian:0.1%|^:Other:0.3%,-
SRB,5.5,0.3,38.8^M,7040272,84%,,en:English:42.6%|sr:Serbian:40.3%|sh:Serbo-Croatian:5.5%|ru:Russian:4.6%|hr:Croatian:2.6%|bs:Bosnian:1.0%|hu:Hungarian:0.8%|de:German:0.8%|sq:Albanian:0.4%|it:Italian:0.4%|fr:French:0.3%|es:Spanish:0.2%|sl:Slovene:0.1%|pl:Polish:0.1%|^:Other:0.3%,-
ARE,4,0.3,37.9^M,9400000,89%,,en:English:71.2%|ar:Arabic:12.1%|fa:Persian:9.9%|ru:Russian:2.8%|fr:French:0.8%|de:German:0.6%|it:Italian:0.4%|ml:Malayalam:0.3%|zh:Chinese:0.3%|simple:Simple:0.3%|es:Spanish:0.2%|ja:Japanese:0.2%|ta:Tamil:0.1%|pl:Polish:0.1%|hi:Hindi:0.1%|^:Other:0.6%,-
MAR,1.1,0.3,37.6^M,34711900,59%,,ar:Arabic:41.9%|fr:French:36.7%|en:English:15.9%|ru:Russian:2.5%|es:Spanish:0.8%|de:German:0.6%|it:Italian:0.4%|arz:Egyptian:0.3%|nl:Dutch:0.2%|pt:Portuguese:0.1%|^:Other:0.6%,-
BGR,5.1,0.2,35.9^M,7050034,61%,,bg:Bulgarian:48.2%|en:English:43.2%|ru:Russian:4.0%|de:German:1.2%|fr:French:0.5%|fa:Persian:0.4%|it:Italian:0.4%|tr:Turkish:0.4%|cs:Czech:0.4%|es:Spanish:0.3%|pl:Polish:0.3%|pt:Portuguese:0.2%|el:Greek:0.2%|zh:Chinese:0.1%|nl:Dutch:0.1%|^:Other:0.1%,-
NGA,0.2,0.2,33.0^M,193392517,25%,,en:English:96.9%|ig:Igbo:1.4%|simple:Simple:0.6%|ru:Russian:0.3%|fr:French:0.3%|ar:Arabic:0.2%|de:German:0.1%|^:Other:0.2%,-
BLR,3.4,0.2,32.2^M,9484300,71%,,ru:Russian:88.0%|en:English:9.1%|be:Belarusian:1.2%|be-tarask:be-tarask:0.4%|de:German:0.3%|pl:Polish:0.3%|uk:Ukrainian:0.2%|fr:French:0.1%|zh:Chinese:0.1%|^:Other:0.3%,-
DOM,3,0.2,30.1^M,10169172,64%,,es:Spanish:89.0%|en:English:9.6%|ru:Russian:0.6%|fr:French:0.4%|de:German:0.2%|it:Italian:0.1%|pt:Portuguese:0.1%,-
HRV,7.2,0.2,29.9^M,4154213,74%,,en:English:50.3%|hr:Croatian:33.7%|de:German:3.9%|bs:Bosnian:3.5%|sh:Serbo-Croatian:2.5%|ru:Russian:2.0%|sr:Serbian:0.9%|it:Italian:0.8%|pl:Polish:0.6%|fr:French:0.4%|cs:Czech:0.3%|es:Spanish:0.3%|sl:Slovene:0.3%|nl:Dutch:0.2%|hu:Hungarian:0.2%|sv:Swedish:0.1%,-
BGD,0.2,0.2,29.1^M,164760000,18%,,en:English:76.5%|bn:Bengali:20.4%|ru:Russian:2.2%|simple:Simple:0.3%|zh:Chinese:0.1%|ar:Arabic:0.1%|ja:Japanese:0.1%|^:Other:0.3%,-
ECU,1.7,0.2,28.3^M,17022700,52%,,es:Spanish:89.6%|en:English:9.2%|ru:Russian:0.3%|it:Italian:0.2%|de:German:0.2%|fr:French:0.2%|pt:Portuguese:0.2%|^:Other:0.1%,-
VEN,0.9,0.2,27.0^M,31431164,60%,,es:Spanish:84.0%|en:English:14.0%|ru:Russian:1.2%|fr:French:0.2%|it:Italian:0.2%|pt:Portuguese:0.2%|zh:Chinese:0.1%|^:Other:0.1%,-
DZA,0.6,0.2,26.6^M,41697498,42%,,ar:Arabic:43.4%|fr:French:37.9%|en:English:11.7%|ru:Russian:5.4%|arz:Egyptian:0.4%|es:Spanish:0.3%|pl:Polish:0.2%|de:German:0.2%|it:Italian:0.2%|zh:Chinese:0.2%|^:Other:0.1%,-
SVK,4.2,0.2,23.0^M,5443120,80%,,sk:Slovak:44.0%|en:English:34.5%|cs:Czech:12.0%|hu:Hungarian:3.3%|ru:Russian:1.9%|de:German:1.4%|ja:Japanese:0.6%|pl:Polish:0.4%|it:Italian:0.4%|fr:French:0.4%|uk:Ukrainian:0.3%|es:Spanish:0.3%|pt:Portuguese:0.2%|zh:Chinese:0.1%|sv:Swedish:0.1%|^:Other:0.1%,-
GTM,1.1,0.1,17.2^M,16176133,35%,,es:Spanish:88.6%|en:English:11.0%|ru:Russian:0.2%|de:German:0.2%,-
BOL,1.5,0.1,17.1^M,11145770,39%,,es:Spanish:91.6%|en:English:6.8%|pt:Portuguese:0.8%|de:German:0.3%|ru:Russian:0.2%|fr:French:0.2%,-
LTU,6,0.1,16.9^M,2800830,77%,,lt:Lithuanian:45.0%|en:English:40.8%|ru:Russian:10.7%|de:German:1.0%|pl:Polish:1.0%|fr:French:0.4%|it:Italian:0.3%|es:Spanish:0.2%|uk:Ukrainian:0.1%|lv:Latvian:0.1%|zh:Chinese:0.1%|^:Other:0.3%,-
EST,12.7,0.1,16.8^M,1319133,87%,,en:English:41.2%|et:Estonian:40.3%|ru:Russian:14.9%|de:German:1.0%|fi:Finnish:0.5%|fr:French:0.5%|it:Italian:0.3%|es:Spanish:0.2%|sv:Swedish:0.2%|nl:Dutch:0.2%|^:Other:0.7%,-
AZE,1.5,0.1,15.2^M,9898085,77%,,az:Azeri:37.9%|ru:Russian:27.4%|en:English:24.5%|tr:Turkish:9.2%|de:German:0.4%|fa:Persian:0.2%|ar:Arabic:0.2%|fr:French:0.2%,-
SVN,6.6,0.09,13.7^M,2066880,76%,,en:English:55.2%|sl:Slovene:35.3%|de:German:2.0%|hr:Croatian:1.9%|ru:Russian:1.8%|it:Italian:1.2%|sr:Serbian:0.7%|sh:Serbo-Croatian:0.5%|fr:French:0.4%|bs:Bosnian:0.4%|es:Spanish:0.4%|^:Other:0.2%,-
IRQ,0.4,0.09,13.6^M,38274618,21%,,ar:Arabic:67.3%|en:English:27.9%|ru:Russian:1.2%|fa:Persian:1.0%|ckb:Sorani:0.9%|arz:Egyptian:0.7%|fr:French:0.3%|de:German:0.3%|tr:Turkish:0.2%|it:Italian:0.2%|es:Spanish:0.2%,-
URY,3.9,0.09,13.5^M,3493205,65%,,es:Spanish:84.1%|en:English:13.7%|pt:Portuguese:0.8%|ru:Russian:0.7%|fr:French:0.3%|it:Italian:0.2%|de:German:0.2%,-
AFG,0.4,0.09,13.2^M,29724323,12%,,en:English:90.0%|fa:Persian:9.1%|ps:Pashto:0.3%|ru:Russian:0.2%|de:German:0.2%|simple:Simple:0.1%|^:Other:0.1%,-
CRI,2.6,0.09,13.0^M,4947490,65%,,es:Spanish:74.9%|en:English:23.3%|de:German:0.5%|ru:Russian:0.5%|fr:French:0.5%|it:Italian:0.2%|pt:Portuguese:0.2%,-
LKA,0.6,0.09,12.7^M,21444000,31%,,en:English:84.3%|si:Sinhala:5.3%|ru:Russian:4.3%|ta:Tamil:3.9%|simple:Simple:0.6%|de:German:0.5%|fr:French:0.2%|ja:Japanese:0.2%|nl:Dutch:0.2%|zh:Chinese:0.1%|es:Spanish:0.1%|^:Other:0.3%,-
PAN,3.1,0.09,12.7^M,4098135,53%,,es:Spanish:81.5%|en:English:17.2%|ru:Russian:0.4%|zh:Chinese:0.3%|fr:French:0.3%|de:German:0.2%|pt:Portuguese:0.1%,-
KEN,0.3,0.08,12.5^M,49699862,25%,,en:English:94.9%|sw:Swahili:1.7%|ru:Russian:1.1%|fr:French:0.8%|de:German:0.4%|simple:Simple:0.3%|ar:Arabic:0.2%|it:Italian:0.2%|zh:Chinese:0.1%|^:Other:0.3%,-
TUN,1,0.08,11.9^M,11446300,51%,,fr:French:47.6%|ar:Arabic:27.9%|en:English:17.6%|ru:Russian:4.9%|de:German:0.8%|it:Italian:0.7%|arz:Egyptian:0.3%|^:Other:0.2%,-
BIH,3.4,0.08,11.9^M,3511372,69%,,en:English:39.7%|hr:Croatian:26.1%|sr:Serbian:15.1%|bs:Bosnian:7.7%|sh:Serbo-Croatian:4.9%|ru:Russian:3.6%|de:German:2.0%|it:Italian:0.3%|fr:French:0.2%|es:Spanish:0.2%|pl:Polish:0.2%,-
LVA,6.2,0.08,11.9^M,1926500,82%,,en:English:37.7%|ru:Russian:32.5%|lv:Latvian:27.2%|de:German:1.2%|fr:French:0.5%|pl:Polish:0.2%|it:Italian:0.2%|es:Spanish:0.1%|lt:Lithuanian:0.1%|^:Other:0.3%,-
GEO,3,0.07,11.1^M,3729600,48%,,en:English:37.7%|ka:Georgian:36.7%|ru:Russian:21.5%|de:German:1.2%|fr:French:0.5%|tr:Turkish:0.5%|fa:Persian:0.4%|az:Azeri:0.3%|pl:Polish:0.3%|he:Hebrew:0.3%|hy:Armenian:0.2%|ar:Arabic:0.1%|^:Other:0.3%,-
JOR,1.1,0.07,10.9^M,10184400,58%,,ar:Arabic:69.2%|en:English:27.5%|ru:Russian:1.3%|arz:Egyptian:0.6%|de:German:0.5%|fr:French:0.4%|es:Spanish:0.2%|it:Italian:0.1%|simple:Simple:0.1%|^:Other:0.1%,-
KWT,2.5,0.07,10.3^M,4082704,78%,,en:English:49.6%|ar:Arabic:47.3%|ru:Russian:1.4%|arz:Egyptian:0.4%|fr:French:0.3%|fa:Persian:0.3%|bn:Bengali:0.3%|simple:Simple:0.2%|ml:Malayalam:0.2%,-
SLV,1.5,0.07,10.0^M,6581940,28%,,es:Spanish:88.2%|en:English:11.3%|ru:Russian:0.3%|it:Italian:0.1%,-
PRY,1.3,0.06,9.2^M,7052983,49%,,es:Spanish:85.7%|en:English:9.6%|pt:Portuguese:2.5%|gn:Guarani:1.1%|de:German:0.7%|ru:Russian:0.3%|^:Other:0.1%,-
ALB,3.2,0.06,9.2^M,2870324,68%,,en:English:54.3%|sq:Albanian:30.1%|it:Italian:5.2%|ru:Russian:3.9%|de:German:2.4%|sr:Serbian:0.9%|fr:French:0.6%|pl:Polish:0.6%|tr:Turkish:0.3%|es:Spanish:0.3%|el:Greek:0.3%|hr:Croatian:0.3%|fa:Persian:0.3%|sh:Serbo-Croatian:0.2%,-
NPL,0.3,0.06,9.0^M,28825709,20%,,en:English:92.4%|ne:Nepali:2.9%|ru:Russian:2.6%|simple:Simple:0.9%|hi:Hindi:0.7%|de:German:0.3%|^:Other:0.2%,-
PRI,2.6,0.06,8.6^M,3337177,88%,,en:English:56.5%|es:Spanish:43.1%|ru:Russian:0.4%,-
LBN,1.4,0.06,8.5^M,6082000,75%,,en:English:54.2%|ar:Arabic:32.2%|fr:French:10.2%|ru:Russian:1.9%|de:German:0.5%|es:Spanish:0.4%|it:Italian:0.4%|arz:Egyptian:0.4%,-
ARM,2.8,0.06,8.4^M,2972900,61%,,hy:Armenian:40.3%|ru:Russian:37.1%|en:English:20.6%|fr:French:0.7%|de:German:0.7%|fa:Persian:0.4%|it:Italian:0.2%,-
MDA,2.3,0.05,8.1^M,3550900,81%,,ru:Russian:47.1%|ro:Romanian:28.8%|en:English:20.2%|ar:Arabic:1.6%|fr:French:0.7%|de:German:0.6%|ca:Catalan:0.5%|it:Italian:0.4%|^:Other:0.1%,-
HND,0.9,0.05,8.0^M,8866351,31%,,es:Spanish:82.3%|en:English:17.3%|ru:Russian:0.4%,-
QAT,2.9,0.05,7.8^M,2685053,90%,,en:English:74.5%|ar:Arabic:19.4%|ru:Russian:3.3%|fr:French:1.0%|ml:Malayalam:0.6%|bn:Bengali:0.4%|es:Spanish:0.4%|it:Italian:0.2%|^:Other:0.2%,-
ISL,21.8,0.05,7.7^M,350710,93%,,en:English:86.4%|is:Icelandic:8.2%|pl:Polish:1.7%|de:German:1.4%|fr:French:0.8%|ru:Russian:0.7%|es:Spanish:0.4%|da:Danish:0.2%|it:Italian:0.2%,-
MKD,3.7,0.05,7.7^M,2073702,71%,,en:English:57.6%|mk:Macedonian:22.4%|sr:Serbian:6.1%|ru:Russian:4.1%|sq:Albanian:2.8%|hr:Croatian:1.8%|de:German:1.2%|sh:Serbo-Croatian:1.1%|bg:Bulgarian:1.0%|tr:Turkish:0.7%|bs:Bosnian:0.5%|it:Italian:0.3%|pl:Polish:0.3%|fr:French:0.1%,-
GHA,0.2,0.05,7.3^M,29614337,33%,,en:English:96.9%|ru:Russian:1.1%|fr:French:1.0%|simple:Simple:0.5%|de:German:0.4%|^:Other:0.1%,-
KGZ,1.1,0.05,7.0^M,6140200,33%,,ru:Russian:72.1%|ky:Kyrghyz:19.4%|en:English:7.8%|kk:Kazakh:0.3%|de:German:0.2%|^:Other:0.2%,-
UZB,0.2,0.05,6.9^M,32345000,45%,,ru:Russian:72.1%|uz:Uzbek:14.0%|en:English:13.1%|de:German:0.4%|tr:Turkish:0.2%|^:Other:0.2%,-
LUX,11,0.04,6.7^M,602005,93%,,en:English:36.6%|de:German:28.8%|fr:French:24.8%|it:Italian:2.3%|pt:Portuguese:1.9%|ru:Russian:1.2%|lb:Luxembourgish:0.9%|es:Spanish:0.9%|nl:Dutch:0.9%|pl:Polish:0.8%|fa:Persian:0.4%|zh:Chinese:0.2%|^:Other:0.3%,-
OMN,1.4,0.04,6.4^M,4639678,67%,,ar:Arabic:48.3%|en:English:47.2%|ru:Russian:2.5%|simple:Simple:0.5%|bn:Bengali:0.5%|ml:Malayalam:0.4%|arz:Egyptian:0.4%|^:Other:0.2%,-
CYP,7.2,0.04,6.1^M,854800,104%,,en:English:51.9%|ru:Russian:24.4%|el:Greek:17.5%|de:German:1.5%|tr:Turkish:0.8%|kk:Kazakh:0.5%|he:Hebrew:0.5%|pl:Polish:0.5%|bg:Bulgarian:0.5%|uk:Ukrainian:0.4%|sv:Swedish:0.4%|it:Italian:0.4%|fr:French:0.4%|ro:Romanian:0.2%|^:Other:0.1%,-
SYR,0.3,0.04,5.9^M,18270000,32%,,ar:Arabic:82.0%|en:English:13.9%|ru:Russian:2.9%|arz:Egyptian:0.9%|fr:French:0.2%,-
PSE,1.1,0.04,5.2^M,4816503,43%,,ar:Arabic:78.7%|en:English:19.6%|ru:Russian:1.0%|arz:Egyptian:0.6%|pt:Portuguese:0.1%,-
MMR,0.09,0.03,5.1^M,54363426,1%,,en:English:86.3%|my:Burmese:8.0%|zh:Chinese:2.1%|ja:Japanese:1.7%|ru:Russian:1.2%|th:Thai:0.5%|fr:French:0.1%|^:Other:0.1%,-
SDN,0.1,0.03,5.0^M,40782742,27%,,ar:Arabic:71.9%|en:English:26.1%|ru:Russian:1.3%|arz:Egyptian:0.7%,-
AGO,0.2,0.03,4.9^M,29250009,13%,,pt:Portuguese:83.3%|en:English:11.4%|fr:French:1.5%|it:Italian:1.5%|ru:Russian:1.2%|es:Spanish:1.0%,-
MAC,7.3,0.03,4.7^M,652500,59%,,zh:Chinese:80.0%|en:English:16.6%|ja:Japanese:1.3%|zh-yue:Cantonese:1.0%|pt:Portuguese:0.9%|ru:Russian:0.1%,-
NIC,0.7,0.03,4.7^M,6305956,24%,,es:Spanish:85.7%|en:English:13.7%|ru:Russian:0.6%,-
CIV,0.2,0.03,4.4^M,24571044,26%,,fr:French:83.3%|en:English:13.1%|ru:Russian:2.5%|ar:Arabic:0.7%|de:German:0.2%|es:Spanish:0.1%|^:Other:0.1%,-
COD,0.05,0.03,4.3^M,82310000,2%,,fr:French:86.0%|en:English:13.3%|ru:Russian:0.7%,-
TUR,0.05,0.03,4.2^M,80810525,57%,,en:English:53.5%|tr:Turkish:34.1%|ru:Russian:5.4%|ar:Arabic:3.7%|de:German:1.5%|fa:Persian:0.7%|pt:Portuguese:0.6%|fr:French:0.3%|^:Other:0.2%,-
BHR,2.9,0.03,4.2^M,1451200,96%,,en:English:66.6%|ar:Arabic:31.9%|ru:Russian:1.4%,-
TZA,0.08,0.03,4.2^M,52554628,14%,,en:English:84.6%|sw:Swahili:11.2%|de:German:1.4%|ru:Russian:1.2%|fr:French:0.7%|it:Italian:0.7%|^:Other:0.2%,-
CMR,0.2,0.03,4.0^M,23794164,25%,,fr:French:70.9%|en:English:26.9%|ru:Russian:1.7%|ar:Arabic:0.5%,-
KHM,0.3,0.03,4.0^M,15848495,25%,,en:English:70.3%|km:Khmer:10.7%|zh:Chinese:6.4%|ru:Russian:3.6%|fr:French:2.6%|ja:Japanese:2.1%|th:Thai:1.2%|de:German:0.9%|vi:Vietnamese:0.8%|id:Indonesian:0.8%|es:Spanish:0.7%,-
JAM,1.4,0.03,3.8^M,2728864,48%,,en:English:97.6%|ru:Russian:1.9%|simple:Simple:0.5%,-
TTO,2.7,0.02,3.7^M,1356633,74%,,en:English:95.9%|ru:Russian:2.5%|es:Spanish:0.8%|it:Italian:0.6%|simple:Simple:0.3%,-
MNE,5.8,0.02,3.6^M,622359,71%,,en:English:38.2%|sr:Serbian:34.0%|ru:Russian:8.7%|sh:Serbo-Croatian:6.8%|hr:Croatian:5.8%|de:German:2.1%|bs:Bosnian:1.9%|pl:Polish:1.1%|fr:French:0.8%|it:Italian:0.3%|sq:Albanian:0.2%|^:Other:0.1%,-
ETH,0.03,0.02,3.5^M,105350020,15%,,en:English:92.0%|am:Amharic:4.7%|ru:Russian:1.1%|ar:Arabic:0.9%|om:Oromo:0.9%|fr:French:0.3%|^:Other:0.1%,-
MLT,8,0.02,3.5^M,434403,76%,,en:English:86.3%|it:Italian:4.8%|ru:Russian:2.6%|de:German:2.6%|fr:French:1.7%|pl:Polish:1.0%|es:Spanish:0.9%,-
HTI,0.3,0.02,3.3^M,10911819,12%,,fr:French:86.6%|en:English:11.4%|es:Spanish:0.7%|ht:Haitian:0.7%|ru:Russian:0.6%,-
MUS,2.6,0.02,3.3^M,1264887,53%,,en:English:80.8%|fr:French:13.7%|ru:Russian:3.6%|de:German:1.8%,-
MOZ,0.1,0.02,3.3^M,28861863,18%,,pt:Portuguese:79.6%|en:English:17.8%|ru:Russian:1.1%|fr:French:0.8%|es:Spanish:0.6%,-
UGA,0.09,0.02,3.3^M,37673800,24%,,en:English:98.2%|fr:French:0.9%|ru:Russian:0.8%,-
REU,--,0.02,3.1^M,,--,,fr:French:88.6%|en:English:10.3%|ru:Russian:1.0%,-
MNG,1,0.02,3.1^M,3219275,21%,,en:English:52.7%|mn:Mongolian:35.6%|ru:Russian:10.0%|ja:Japanese:1.1%|de:German:0.6%,-
ZMB,0.2,0.02,2.6^M,16405229,26%,,en:English:98.8%|ru:Russian:1.1%|simple:Simple:<font color=#800000>0.2%</font>,-
SEN,0.2,0.02,2.6^M,15726037,25%,,fr:French:74.1%|en:English:21.2%|ru:Russian:2.4%|pt:Portuguese:1.2%|ar:Arabic:1.2%,-
LBY,0.4,0.02,2.5^M,6374616,20%,,ar:Arabic:74.9%|en:English:21.9%|ru:Russian:1.1%|fr:French:1.0%|arz:Egyptian:0.9%|de:German:<font color=#800000>0.1%</font>,-
ZWE,0.2,0.02,2.5^M,14542235,26%,,en:English:98.2%|ru:Russian:1.5%|sn:Shona:0.2%,-
YEM,0.09,0.02,2.5^M,28250000,24%,,ar:Arabic:82.2%|en:English:15.6%|arz:Egyptian:1.1%|ru:Russian:1.1%,-
TKM,0.4,0.02,2.4^M,5758000,18%,,en:English:52.1%|ru:Russian:44.1%|tk:Turkmen:2.3%|tr:Turkish:1.5%,-
MDG,0.08,0.01,2.1^M,25571000,5%,,fr:French:80.4%|en:English:16.3%|ru:Russian:2.4%|mg:Malagasy:0.8%|^:Other:0.1%,-
BRN,5,0.01,2.1^M,422678,75%,,en:English:84.2%|ms:Malay:6.5%|ru:Russian:5.2%|zh:Chinese:2.6%|id:Indonesian:1.5%,-
TJK,0.2,0.01,1.8^M,8931000,20%,,ru:Russian:77.8%|en:English:11.6%|tg:Tajik:10.6%,-
GLP,3.6,0.01,1.4^M,400132,0%,,fr:French:83.7%|en:English:15.9%|ru:Russian:0.4%,-
CUB,0.1,0.009,1.3^M,11221060,40%,,es:Spanish:80.2%|en:English:19.5%|it:Italian:<font color=#800000>0.2%</font>,-
BEN,0.1,0.009,1.3^M,11002578,12%,,fr:French:81.7%|en:English:16.1%|ru:Russian:2.2%,-
BFA,0.06,0.009,1.3^M,19632147,13%,,fr:French:86.5%|en:English:11.2%|ru:Russian:2.3%,-
SOM,0.08,0.008,1.2^M,14742523,2%,,en:English:79.8%|so:Somali:10.5%|ar:Arabic:9.4%|sv:Swedish:<font color=#800000>0.3%</font>,-
MDV,3.4,0.008,1.2^M,344023,73%,,en:English:90.2%|ru:Russian:7.1%|de:German:2.6%,-
NAM,0.5,0.008,1.2^M,2368747,32%,,en:English:89.4%|de:German:6.2%|ru:Russian:2.6%|af:Afrikaans:1.7%,-
RWA,0.1,0.008,1.2^M,11809300,20%,,en:English:85.4%|fr:French:14.1%|rw:Kinyarwanda:0.5%,-
LAO,0.2,0.008,1.1^M,6492400,23%,,th:Thai:49.0%|en:English:37.8%|lo:Laotian:3.9%|zh:Chinese:3.1%|vi:Vietnamese:2.7%|fr:French:1.2%|ja:Japanese:1.1%|ru:Russian:1.0%,-
BHS,2.7,0.007,1.0^M,382460,0%,,en:English:99.3%|ru:Russian:0.7%,-
BWA,0.5,0.007,1.0^M,2230905,40%,,en:English:96.6%|ru:Russian:3.4%,-
GIN,0.08,0.007,1.0^M,11883516,10%,,fr:French:83.5%|en:English:16.5%,-
BRB,3.5,0.007,1.0^M,285719,79%,,en:English:97.9%|ru:Russian:2.1%,-
MLI,0.05,0.007,992^K,18542000,11%,,fr:French:82.5%|en:English:13.1%|ar:Arabic:2.6%|ru:Russian:1.8%,-
FJI,1.1,0.007,986^K,884887,47%,,en:English:96.8%|ru:Russian:3.0%|de:German:<font color=#800000>0.2%</font>,-
GUY,1.2,0.006,947^K,777859,35%,,en:English:96.7%|ru:Russian:3.2%|es:Spanish:<font color=#800000>0.1%</font>,-
JEY,9,0.006,934^K,104200,37%,,en:English:100.0%,-
IMN,10.5,0.006,876^K,83314,0%,,en:English:100.0%,-
LBR,0.2,0.006,820^K,4289520,8%,,en:English:98.5%|ca:Catalan:1.5%,-
GUM,4.3,0.005,798^K,184200,68%,,en:English:95.5%|ja:Japanese:3.8%|ru:Russian:0.8%,-
SUR,1.3,0.005,727^K,541638,47%,,en:English:63.1%|nl:Dutch:32.2%|ru:Russian:4.7%,-
TGO,0.09,0.004,660^K,7178000,12%,,fr:French:78.2%|en:English:19.4%|ru:Russian:2.4%,-
GAB,0.3,0.004,642^K,2025137,47%,,fr:French:80.5%|en:English:14.0%|ru:Russian:5.5%,-
CUW,4,0.004,628^K,158986,0%,,en:English:68.9%|nl:Dutch:23.7%|es:Spanish:5.6%|ru:Russian:1.8%,-
PNG,0.08,0.004,616^K,8151300,10%,,en:English:100.0%,-
BTN,0.7,0.004,600^K,801580,42%,,en:English:100.0%,-
MWI,0.03,0.004,578^K,17373185,10%,,en:English:99.8%|ru:Russian:<font color=#800000>0.2%</font>,-
BLZ,1.4,0.004,539^K,387879,42%,,en:English:95.0%|es:Spanish:4.1%|ru:Russian:0.9%,-
GUF,2,0.004,521^K,254541,0%,,fr:French:81.8%|en:English:12.3%|ru:Russian:5.8%|nl:Dutch:<font color=#800000>0.2%</font>,-
GGY,7.9,0.003,494^K,62723,0%,,en:English:100.0%,-
MRT,0.1,0.003,491^K,3806719,20%,,ar:Arabic:44.2%|fr:French:31.2%|en:English:18.9%|ru:Russian:5.7%,-
BDI,0.05,0.003,488^K,10400938,5%,,fr:French:79.7%|en:English:20.3%,-
SLE,0.07,0.003,463^K,7092113,12%,,en:English:100.0%,-
NER,0.02,0.003,455^K,20651070,4%,,fr:French:78.5%|en:English:17.8%|ar:Arabic:3.7%,-
SYC,4.8,0.003,454^K,94205,57%,,en:English:87.0%|de:German:7.7%|fa:Persian:2.0%|ru:Russian:1.8%|pl:Polish:1.1%|fr:French:<font color=#800000>0.4%</font>,-
AND,5.7,0.003,448^K,78264,97%,,es:Spanish:53.8%|en:English:18.3%|ca:Catalan:15.0%|fr:French:12.9%,-
DJI,0.5,0.003,441^K,956985,13%,,en:English:61.2%|fr:French:36.5%|ar:Arabic:2.3%,-
ABW,3.9,0.003,437^K,110882,88%,,en:English:79.6%|nl:Dutch:13.3%|es:Spanish:7.1%,-
FRO,7.7,0.003,394^K,50844,92%,,en:English:75.6%|da:Danish:23.9%|fo:Faroese:<font color=#800000>0.3%</font>|ru:Russian:<font color=#800000>0.3%</font>,-
LCA,2.1,0.003,381^K,178844,47%,,en:English:91.6%|ru:Russian:8.4%,-
LIE,9.5,0.002,363^K,38111,97%,,de:German:79.1%|en:English:20.9%,-
CPV,0.7,0.002,361^K,537661,48%,,pt:Portuguese:72.6%|en:English:25.8%|de:German:1.7%,-
ATG,4.1,0.002,356^K,86295,85%,,en:English:100.0%,-
BMU,5.6,0.002,355^K,63779,95%,,en:English:100.0%,-
MCO,9.2,0.002,352^K,38300,96%,,fr:French:52.8%|en:English:37.5%|it:Italian:9.7%,-
CYM,5.5,0.002,335^K,60413,79%,,en:English:100.0%,-
TLS,0.3,0.002,334^K,1167242,1%,,en:English:64.1%|pt:Portuguese:20.4%|id:Indonesian:15.6%,-
SWZ,0.3,0.002,323^K,1145970,33%,,en:English:100.0%,-
LSO,0.1,0.002,315^K,2233339,27%,,en:English:100.0%,-
GIB,9.4,0.002,314^K,33573,97%,,en:English:99.7%|es:Spanish:<font color=#800000>0.3%</font>,-
GRD,2.7,0.002,275^K,103328,58%,,en:English:100.0%,-
COG,0.06,0.002,262^K,4741000,6%,,fr:French:81.3%|en:English:18.7%,-
ALA,--,0.002,256^K,,--,,sv:Swedish:58.2%|en:English:41.8%,-
GMB,0.1,0.001,220^K,1882450,14%,,en:English:100.0%,-
VIR,2,0.001,209^K,106000,32%,,en:English:100.0%,-
VCT,1.7,0.001,187^K,109557,56%,,en:English:99.5%|ru:Russian:<font color=#800000>0.5%</font>,-
SXM,4,0.001,158^K,39410,0%,,en:English:100.0%,-
SSD,0.01,0.001,147^K,11868209,7%,,en:English:81.0%|ar:Arabic:19.0%,-
KNA,3.1,0.001,142^K,46204,91%,,en:English:100.0%,-
TCD,0.009,0.0009,137^K,14900000,5%,,fr:French:71.5%|ar:Arabic:19.7%|en:English:8.8%,-
GRL,2.2,0.0008,124^K,55877,69%,,en:English:52.4%|da:Danish:47.6%,-
XXX,--,0.0008,116^K,--,--,,en:English:55.2%|sq:Albanian:33.6%|sr:Serbian:11.2%,-
TCA,2.6,0.0007,99^K,37910,0%,,en:English:100.0%,-
SMR,3,0.0007,99^K,33344,49%,,it:Italian:98.0%|en:English:<font color=#800000>2.0%</font>,-
SLB,0.1,0.0007,97^K,651700,10%,,en:English:100.0%,-
BES,--,0.0006,90^K,,--,,en:English:65.6%|nl:Dutch:34.4%,-
COM,0.1,0.0006,87^K,806153,8%,,fr:French:98.9%|en:English:<font color=#800000>1.1%</font>,-
VUT,0.3,0.0005,75^K,289700,22%,,en:English:93.3%|fr:French:6.7%,-
MNP,1.3,0.0005,71^K,55700,0%,,en:English:100.0%,-
DMA,0.9,0.0004,63^K,71293,69%,,en:English:100.0%,-
WSM,0.3,0.0004,62^K,194899,15%,,en:English:100.0%,-
GNQ,0.05,0.0004,60^K,1222442,24%,,es:Spanish:95.0%|en:English:<font color=#800000>5.0%</font>,-
VGB,1.9,0.0004,53^K,28514,51%,,en:English:100.0%,-
FSM,0.4,0.0003,47^K,104600,33%,,en:English:100.0%,-
ASM,0.2,0.0003,44^K,197448,29%,,en:English:100.0%,-
PLW,2.3,0.0003,41^K,17800,0%,,en:English:100.0%,-
TON,0.4,0.0002,37^K,103252,41%,,en:English:100.0%,-
STP,0.2,0.0002,36^K,187356,23%,,pt:Portuguese:94.4%|en:English:<font color=#800000>5.6%</font>,-
GNB,0.02,0.0002,35^K,1553822,4%,,pt:Portuguese:94.3%|en:English:<font color=#800000>2.9%</font>|fr:French:<font color=#800000>2.9%</font>,-
COK,1.9,0.0002,35^K,18100,0%,,en:English:100.0%,-
AIA,2.5,0.0002,33^K,13452,90%,,en:English:100.0%,-
CAF,0.007,0.0002,31^K,4659080,4%,,fr:French:100.0%,-
MHL,0.5,0.0002,25^K,55000,29%,,en:English:100.0%,-
VAT,26.2,0.0001,21^K,800,0%,,it:Italian:100.0%,-
KIR,0.1,0.00009,14^K,115300,14%,,en:English:100.0%,-
SHN,--,0.00007,11^K,,--,,en:English:100.0%,-
ATF,--,0.00001,1.0^K,,--,,hy:Armenian:<font color=#800000>100.0%</font>,-